distancia_total, tiempo
1718,2140
3242,24046
1396,13842
2646,11655
1186,22959
2356,16568
4819,17402
8204,24936
2402,9491
7362,29887
1493,29693
4434,46240
88194,17394
210821,14126
109850,24103
290532,27836
644551,56747
1.66874e+06,35391
110692,29943
3.26459e+06,178541
327107,18852
741855,23595
1.89823e+06,93491
3.55606e+06,144181
731971,53039
1.89114e+06,119732
3.57794e+06,263936
