distancia_total, tiempo
3048,2642
6118,4575
2973,4811
6190,8854
3137,8624
6128,14765
4483,2768
8572,7295
3607,6379
8466,8433
2975,22547
6787,44831
65213,6494
165707,4507
68666,13330
223234,21518
399041,14216
984262,39831
26808,10089
1.95134e+06,117777
175317,13511
413569,21031
1.12364e+06,74198
2.12484e+06,202870
391472,49269
1.02278e+06,186158
2.04439e+06,333666
