distancia_total, tiempo
1970,7700
3859,14575
1815,13212
3278,19954
1508,21526
2902,57563
4823,6694
8277,9607
2359,7866
7488,10352
1537,27048
2966,62569
226768,11747
469287,18620
223357,27861
478991,58595
976552,98853
2.24342e+06,237409
218307,36835
4.0399e+06,388154
465043,113929
965046,214065
2.25375e+06,358879
4.06897e+06,582663
939171,359668
2.20064e+06,583825
4.0139e+06,1.03818e+06
